{
  "resourceType": "Library",
  "id": "FHIR-ModelInfo",
  "extension": [ {
    "url": "http://hl7.org/fhir/us/cqfmeasures/StructureDefinition/cqfm-softwaresystem",
    "valueReference": {
      "reference": "#cqf-tooling"
    }
  }, {
    "url": "http://hl7.org/fhir/us/cqfmeasures/StructureDefinition/cqfm-softwaresystem",
    "valueReference": {
      "reference": "Device/cqf-tooling"
    }
  } ],
  "url": "http://hl7.org/fhir/Library/FHIR-ModelInfo",
  "identifier": [ {
    "use": "official",
    "system": "http://example.org/fhir/cqi/ecqm/Library/Identifier",
    "value": "FHIR"
  } ],
  "version": "4.0.1",
  "name": "FHIR",
  "title": "FHIR Model Definition",
  "status": "active",
  "type": {
    "coding": [ {
      "system": "http://terminology.hl7.org/CodeSystem/library-type",
      "code": "model-definition"
    } ]
  },
  "date": "2019-08-08",
  "publisher": "Health Level 7 International - Clinical Quality Information Work Group",
  "contact": [ {
    "telecom": [ {
      "system": "url",
      "value": "http://www.hl7.org/Special/committees/cqi/index.cfm"
    } ]
  } ],
  "description": "Model definition for the FHIR R4 (v4.0.1) Model",
  "jurisdiction": [ {
    "coding": [ {
      "system": "http://unstats.un.org/unsd/methods/m49/m49.htm",
      "code": "001"
    } ]
  } ],
  "approvalDate": "2019-08-08",
  "lastReviewDate": "2020-06-19",
  "topic": [ {
    "text": "FHIR"
  } ],
  "content": [ {
    "contentType": "application/xml",
    "url": "https://github.com/cqframework/clinical_quality_language/blob/master/Src/java/quick/src/main/resources/org/hl7/fhir/fhir-modelinfo-4.0.1.xml"
  } ]
}