{
  "resourceType": "ValueSet",
  "id": "2.16.840.1.113762.1.4.1195.111",
  "meta": {
    "profile": [ "http://hl7.org/fhir/uv/cpg/StructureDefinition/cpg-shareablevalueset", "http://hl7.org/fhir/uv/cpg/StructureDefinition/cpg-publishablevalueset", "http://hl7.org/fhir/uv/cpg/StructureDefinition/cpg-executablevalueset" ]
  },
  "extension": [ {
    "url": "http://hl7.org/fhir/uv/cpg/StructureDefinition/cpg-knowledgeCapability",
    "valueCode": "shareable"
  }, {
    "url": "http://hl7.org/fhir/uv/cpg/StructureDefinition/cpg-knowledgeRepresentationLevel",
    "valueCode": "narrative"
  }, {
    "url": "http://hl7.org/fhir/uv/cpg/StructureDefinition/cpg-knowledgeCapability",
    "valueCode": "publishable"
  }, {
    "url": "http://fhir.org/guides/cdc/opioid-cds/StructureDefinition/cdc-valueset-inclusion",
    "valueString": "As defined within measure MSSPPREV9."
  }, {
    "url": "http://fhir.org/guides/cdc/opioid-cds/StructureDefinition/cdc-valueset-exclusion",
    "valueString": "As defined within measure MSSPPREV9."
  }, {
    "url": "http://hl7.org/fhir/uv/cpg/StructureDefinition/cpg-knowledgeCapability",
    "valueCode": "executable"
  }, {
    "url": "http://hl7.org/fhir/uv/cpg/StructureDefinition/cpg-knowledgeRepresentationLevel",
    "valueCode": "executable"
  }, {
    "url": "http://hl7.org/fhir/uv/cpg/StructureDefinition/cpg-usageWarning",
    "valueString": "This value set contains a point-in-time expansion enumerating the codes that meet the value set intent. As new versions of the code systems used by the value set are released, the contents of this expansion will need to be updated to incorporate newly defined codes that meet the value set intent. Before, and periodically during production use, the value set expansion contents SHOULD be updated. The value set expansion specifies the timestamp when the expansion was produced, SHOULD contain the parameters used for the expansion, and SHALL contain the codes that are obtained by evaluating the value set definition. If this is ONLY an executable value set, a distributable definition of the value set must be obtained to compute the updated expansion."
  } ],
  "url": "http://cts.nlm.nih.gov/fhir/ValueSet/2.16.840.1.113762.1.4.1195.111",
  "version": "20190121",
  "title": "BMI Follow Up Plan SNOMEDCT",
  "status": "active",
  "experimental": false,
  "publisher": "New Jersey Innovation Institute",
  "description": "Numerator criteria as defined in Preventive Care and Screening: Body Mass Index (BMI) Screening and Follow-Up Plan MSSPPREV9.",
  "purpose": "SNOMEDCT Codes",
  "expansion": {
    "timestamp": "2021-02-26T22:09:53-07:00",
    "contains": [ {
      "system": "http://snomed.info/sct",
      "version": "2020-09",
      "code": "304549008",
      "display": "Giving encouragement to exercise (procedure)"
    }, {
      "system": "http://snomed.info/sct",
      "version": "2020-09",
      "code": "307818003",
      "display": "Weight monitoring (regime/therapy)"
    }, {
      "system": "http://snomed.info/sct",
      "version": "2020-09",
      "code": "361231003",
      "display": "Prescribed dietary intake (regime/therapy)"
    }, {
      "system": "http://snomed.info/sct",
      "version": "2020-09",
      "code": "370847001",
      "display": "Dietary needs education (procedure)"
    }, {
      "system": "http://snomed.info/sct",
      "version": "2020-09",
      "code": "386291006",
      "display": "Exercise promotion: strength training (procedure)"
    }, {
      "system": "http://snomed.info/sct",
      "version": "2020-09",
      "code": "386292004",
      "display": "Exercise promotion: stretching (procedure)"
    }, {
      "system": "http://snomed.info/sct",
      "version": "2020-09",
      "code": "386373004",
      "display": "Nutrition therapy (regime/therapy)"
    }, {
      "system": "http://snomed.info/sct",
      "version": "2020-09",
      "code": "386463000",
      "display": "Prescribed activity/exercise education (procedure)"
    }, {
      "system": "http://snomed.info/sct",
      "version": "2020-09",
      "code": "386464006",
      "display": "Prescribed diet education (procedure)"
    }, {
      "system": "http://snomed.info/sct",
      "version": "2020-09",
      "code": "410177006",
      "display": "Special diet education (procedure)"
    }, {
      "system": "http://snomed.info/sct",
      "version": "2020-09",
      "code": "413315001",
      "display": "Nutrition / feeding management (regime/therapy)"
    }, {
      "system": "http://snomed.info/sct",
      "version": "2020-09",
      "code": "418995006",
      "display": "Feeding regime (regime/therapy)"
    }, {
      "system": "http://snomed.info/sct",
      "version": "2020-09",
      "code": "424753004",
      "display": "Dietary management education, guidance, and counseling (procedure)"
    }, {
      "system": "http://snomed.info/sct",
      "version": "2020-09",
      "code": "429095004",
      "display": "Dietary education for weight gain (procedure)"
    }, {
      "system": "http://snomed.info/sct",
      "version": "2020-09",
      "code": "443288003",
      "display": "Lifestyle education regarding diet (procedure)"
    } ]
  }
}