{
  "resourceType": "ValueSet",
  "id": "2.16.840.1.113762.1.4.1032.10",
  "meta": {
    "profile": [ "http://hl7.org/fhir/uv/cpg/StructureDefinition/cpg-shareablevalueset", "http://hl7.org/fhir/uv/cpg/StructureDefinition/cpg-publishablevalueset", "http://hl7.org/fhir/uv/cpg/StructureDefinition/cpg-executablevalueset" ]
  },
  "extension": [ {
    "url": "http://hl7.org/fhir/uv/cpg/StructureDefinition/cpg-knowledgeCapability",
    "valueCode": "shareable"
  }, {
    "url": "http://hl7.org/fhir/uv/cpg/StructureDefinition/cpg-knowledgeRepresentationLevel",
    "valueCode": "narrative"
  }, {
    "url": "http://hl7.org/fhir/uv/cpg/StructureDefinition/cpg-knowledgeCapability",
    "valueCode": "publishable"
  }, {
    "url": "http://fhir.org/guides/cdc/opioid-cds/StructureDefinition/cdc-valueset-inclusion",
    "valueString": "Select descendants of 38341003 | Hypertensive disorder, systemic arterial (disorder)."
  }, {
    "url": "http://fhir.org/guides/cdc/opioid-cds/StructureDefinition/cdc-valueset-exclusion",
    "valueString": "Essential, primary hypertension, or transient hypertension (e.g. gestational hypertension)."
  }, {
    "url": "http://hl7.org/fhir/uv/cpg/StructureDefinition/cpg-knowledgeCapability",
    "valueCode": "executable"
  }, {
    "url": "http://hl7.org/fhir/uv/cpg/StructureDefinition/cpg-knowledgeRepresentationLevel",
    "valueCode": "executable"
  }, {
    "url": "http://hl7.org/fhir/uv/cpg/StructureDefinition/cpg-usageWarning",
    "valueString": "This value set contains a point-in-time expansion enumerating the codes that meet the value set intent. As new versions of the code systems used by the value set are released, the contents of this expansion will need to be updated to incorporate newly defined codes that meet the value set intent. Before, and periodically during production use, the value set expansion contents SHOULD be updated. The value set expansion specifies the timestamp when the expansion was produced, SHOULD contain the parameters used for the expansion, and SHALL contain the codes that are obtained by evaluating the value set definition. If this is ONLY an executable value set, a distributable definition of the value set must be obtained to compute the updated expansion."
  } ],
  "url": "http://cts.nlm.nih.gov/fhir/ValueSet/2.16.840.1.113762.1.4.1032.10",
  "version": "20170628",
  "title": "Non essential Hypertension SNOMEDCT",
  "status": "active",
  "experimental": false,
  "publisher": "MITRE",
  "description": "This value set contains terms defining non-essential hypertension.",
  "purpose": "This value set intends to identify patients with a diagnosis of non-essential hypertension.",
  "expansion": {
    "timestamp": "2020-12-18T12:47:57-07:00",
    "contains": [ {
      "system": "http://snomed.info/sct",
      "version": "2020-09",
      "code": "111438007",
      "display": "Hypertension secondary to renal disease in obstetric context (disorder)"
    }, {
      "system": "http://snomed.info/sct",
      "version": "2020-09",
      "code": "123799005",
      "display": "Renovascular hypertension (disorder)"
    }, {
      "system": "http://snomed.info/sct",
      "version": "2020-09",
      "code": "123800009",
      "display": "Goldblatt hypertension (disorder)"
    }, {
      "system": "http://snomed.info/sct",
      "version": "2020-09",
      "code": "14973001",
      "display": "Renal sclerosis with hypertension (disorder)"
    }, {
      "system": "http://snomed.info/sct",
      "version": "2020-09",
      "code": "169465000",
      "display": "Hypertension caused by oral contraceptive pill (disorder)"
    }, {
      "system": "http://snomed.info/sct",
      "version": "2020-09",
      "code": "194783001",
      "display": "Secondary malignant renovascular hypertension (disorder)"
    }, {
      "system": "http://snomed.info/sct",
      "version": "2020-09",
      "code": "194785008",
      "display": "Secondary benign hypertension (disorder)"
    }, {
      "system": "http://snomed.info/sct",
      "version": "2020-09",
      "code": "194788005",
      "display": "Hypertension secondary to endocrine disorder (disorder)"
    }, {
      "system": "http://snomed.info/sct",
      "version": "2020-09",
      "code": "194791005",
      "display": "Hypertension caused by drug (disorder)"
    }, {
      "system": "http://snomed.info/sct",
      "version": "2020-09",
      "code": "199008003",
      "display": "Pre-existing secondary hypertension complicating pregnancy, childbirth and puerperium (disorder)"
    }, {
      "system": "http://snomed.info/sct",
      "version": "2020-09",
      "code": "26078007",
      "display": "Hypertension secondary to renal disease complicating AND/OR reason for care during childbirth (disorder)"
    }, {
      "system": "http://snomed.info/sct",
      "version": "2020-09",
      "code": "28119000",
      "display": "Renal hypertension (disorder)"
    }, {
      "system": "http://snomed.info/sct",
      "version": "2020-09",
      "code": "31992008",
      "display": "Secondary hypertension (disorder)"
    }, {
      "system": "http://snomed.info/sct",
      "version": "2020-09",
      "code": "39018007",
      "display": "Renal arterial hypertension (disorder)"
    }, {
      "system": "http://snomed.info/sct",
      "version": "2020-09",
      "code": "39727004",
      "display": "Hypertension secondary to renal disease complicating AND/OR reason for care during puerperium (disorder)"
    }, {
      "system": "http://snomed.info/sct",
      "version": "2020-09",
      "code": "427889009",
      "display": "Hypertension associated with transplantation (disorder)"
    }, {
      "system": "http://snomed.info/sct",
      "version": "2020-09",
      "code": "428575007",
      "display": "Hypertension secondary to kidney transplant (disorder)"
    }, {
      "system": "http://snomed.info/sct",
      "version": "2020-09",
      "code": "48552006",
      "display": "Hypertension secondary to renal disease complicating AND/OR reason for care during pregnancy (disorder)"
    }, {
      "system": "http://snomed.info/sct",
      "version": "2020-09",
      "code": "57684003",
      "display": "Parenchymal renal hypertension (disorder)"
    }, {
      "system": "http://snomed.info/sct",
      "version": "2020-09",
      "code": "73410007",
      "display": "Benign secondary renovascular hypertension (disorder)"
    }, {
      "system": "http://snomed.info/sct",
      "version": "2020-09",
      "code": "74451002",
      "display": "Secondary diastolic hypertension (disorder)"
    }, {
      "system": "http://snomed.info/sct",
      "version": "2020-09",
      "code": "89242004",
      "display": "Malignant secondary hypertension (disorder)"
    } ]
  }
}