{
  "resourceType": "ValueSet",
  "id": "2.16.840.1.113883.3.526.2.590",
  "meta": {
    "profile": [ "http://hl7.org/fhir/uv/cpg/StructureDefinition/cpg-shareablevalueset", "http://hl7.org/fhir/uv/cpg/StructureDefinition/cpg-publishablevalueset", "http://hl7.org/fhir/uv/cpg/StructureDefinition/cpg-executablevalueset" ]
  },
  "extension": [ {
    "url": "http://hl7.org/fhir/uv/cpg/StructureDefinition/cpg-knowledgeCapability",
    "valueCode": "shareable"
  }, {
    "url": "http://hl7.org/fhir/uv/cpg/StructureDefinition/cpg-knowledgeRepresentationLevel",
    "valueCode": "narrative"
  }, {
    "url": "http://hl7.org/fhir/uv/cpg/StructureDefinition/cpg-knowledgeCapability",
    "valueCode": "publishable"
  }, {
    "url": "http://fhir.org/guides/cdc/opioid-cds/StructureDefinition/cdc-valueset-inclusion",
    "valueString": "Includes only relevant concepts associated with a diagnosis of end stage renal disease."
  }, {
    "url": "http://fhir.org/guides/cdc/opioid-cds/StructureDefinition/cdc-valueset-exclusion",
    "valueString": "No exclusions."
  }, {
    "url": "http://hl7.org/fhir/uv/cpg/StructureDefinition/cpg-knowledgeCapability",
    "valueCode": "executable"
  }, {
    "url": "http://hl7.org/fhir/uv/cpg/StructureDefinition/cpg-knowledgeRepresentationLevel",
    "valueCode": "executable"
  }, {
    "url": "http://hl7.org/fhir/uv/cpg/StructureDefinition/cpg-usageWarning",
    "valueString": "This value set contains a point-in-time expansion enumerating the codes that meet the value set intent. As new versions of the code systems used by the value set are released, the contents of this expansion will need to be updated to incorporate newly defined codes that meet the value set intent. Before, and periodically during production use, the value set expansion contents SHOULD be updated. The value set expansion specifies the timestamp when the expansion was produced, SHOULD contain the parameters used for the expansion, and SHALL contain the codes that are obtained by evaluating the value set definition. If this is ONLY an executable value set, a distributable definition of the value set must be obtained to compute the updated expansion."
  } ],
  "url": "http://cts.nlm.nih.gov/fhir/ValueSet/2.16.840.1.113883.3.526.2.590",
  "version": "20170504",
  "title": "End Stage Renal Disease",
  "status": "active",
  "experimental": false,
  "publisher": "Mathematica",
  "description": "This value set contains concepts that represent a diagnosis of end stage renal disease.",
  "purpose": "This value set may use the Quality Data Model (QDM) category related to Diagnosis.",
  "expansion": {
    "timestamp": "2021-01-12T11:36:04-07:00",
    "contains": [ {
      "system": "http://snomed.info/sct",
      "version": "2020-09",
      "code": "236434000",
      "display": "End stage renal failure untreated by renal replacement therapy (disorder)"
    }, {
      "system": "http://snomed.info/sct",
      "version": "2020-09",
      "code": "236435004",
      "display": "End stage renal failure on dialysis (disorder)"
    }, {
      "system": "http://snomed.info/sct",
      "version": "2020-09",
      "code": "236436003",
      "display": "End stage renal failure with renal transplant (disorder)"
    }, {
      "system": "http://snomed.info/sct",
      "version": "2020-09",
      "code": "46177005",
      "display": "End-stage renal disease (disorder)"
    } ]
  }
}