{
  "resourceType": "ValueSet",
  "id": "2.16.840.1.113762.1.4.1116.420",
  "meta": {
    "profile": [ "http://hl7.org/fhir/uv/cpg/StructureDefinition/cpg-shareablevalueset", "http://hl7.org/fhir/uv/cpg/StructureDefinition/cpg-publishablevalueset", "http://hl7.org/fhir/uv/cpg/StructureDefinition/cpg-executablevalueset" ]
  },
  "extension": [ {
    "url": "http://hl7.org/fhir/uv/cpg/StructureDefinition/cpg-knowledgeCapability",
    "valueCode": "shareable"
  }, {
    "url": "http://hl7.org/fhir/uv/cpg/StructureDefinition/cpg-knowledgeRepresentationLevel",
    "valueCode": "narrative"
  }, {
    "url": "http://hl7.org/fhir/uv/cpg/StructureDefinition/cpg-knowledgeCapability",
    "valueCode": "publishable"
  }, {
    "url": "http://hl7.org/fhir/uv/cpg/StructureDefinition/cpg-knowledgeCapability",
    "valueCode": "executable"
  }, {
    "url": "http://hl7.org/fhir/uv/cpg/StructureDefinition/cpg-knowledgeRepresentationLevel",
    "valueCode": "executable"
  }, {
    "url": "http://hl7.org/fhir/uv/cpg/StructureDefinition/cpg-usageWarning",
    "valueString": "This value set contains a point-in-time expansion enumerating the codes that meet the value set intent. As new versions of the code systems used by the value set are released, the contents of this expansion will need to be updated to incorporate newly defined codes that meet the value set intent. Before, and periodically during production use, the value set expansion contents SHOULD be updated. The value set expansion specifies the timestamp when the expansion was produced, SHOULD contain the parameters used for the expansion, and SHALL contain the codes that are obtained by evaluating the value set definition. If this is ONLY an executable value set, a distributable definition of the value set must be obtained to compute the updated expansion."
  } ],
  "url": "http://cts.nlm.nih.gov/fhir/ValueSet/2.16.840.1.113762.1.4.1116.420",
  "version": "20180117",
  "title": "Weight Reduction Recommendations",
  "description": "This value set contains concepts related to weight loss counseling.",
  "status": "active",
  "experimental": false,
  "publisher": "American Society of Clinical Oncology",
  "expansion": {
    "timestamp": "2021-02-26T22:10:08-07:00",
    "contains": [ {
      "system": "http://snomed.info/sct",
      "version": "2020-09",
      "code": "170795002",
      "display": "Follow-up obesity assessment (regime/therapy)"
    }, {
      "system": "http://snomed.info/sct",
      "version": "2020-09",
      "code": "266724001",
      "display": "Weight-reducing diet education (procedure)"
    }, {
      "system": "http://snomed.info/sct",
      "version": "2020-09",
      "code": "268523001",
      "display": "Target weight discussed (regime/therapy)"
    }, {
      "system": "http://snomed.info/sct",
      "version": "2020-09",
      "code": "408289007",
      "display": "Refer to weight management program (procedure)"
    }, {
      "system": "http://snomed.info/sct",
      "version": "2020-09",
      "code": "410200000",
      "display": "Weight control education (procedure)"
    } ]
  }
}
