{
  "resourceType": "ValueSet",
  "id": "2.16.840.1.113762.1.4.1047.511",
  "meta": {
    "profile": [ "http://hl7.org/fhir/uv/cpg/StructureDefinition/cpg-shareablevalueset", "http://hl7.org/fhir/uv/cpg/StructureDefinition/cpg-publishablevalueset", "http://hl7.org/fhir/uv/cpg/StructureDefinition/cpg-executablevalueset" ]
  },
  "extension": [ {
    "url": "http://hl7.org/fhir/uv/cpg/StructureDefinition/cpg-knowledgeCapability",
    "valueCode": "shareable"
  }, {
    "url": "http://hl7.org/fhir/uv/cpg/StructureDefinition/cpg-knowledgeRepresentationLevel",
    "valueCode": "narrative"
  }, {
    "url": "http://hl7.org/fhir/uv/cpg/StructureDefinition/cpg-knowledgeCapability",
    "valueCode": "publishable"
  }, {
    "url": "http://fhir.org/guides/cdc/opioid-cds/StructureDefinition/cdc-valueset-inclusion",
    "valueString": "Includes only relevant concepts associated with measurement and recording of ambulatory blood pressure."
  }, {
    "url": "http://fhir.org/guides/cdc/opioid-cds/StructureDefinition/cdc-valueset-exclusion",
    "valueString": "No exclusions."
  }, {
    "url": "http://hl7.org/fhir/uv/cpg/StructureDefinition/cpg-knowledgeCapability",
    "valueCode": "executable"
  }, {
    "url": "http://hl7.org/fhir/uv/cpg/StructureDefinition/cpg-knowledgeRepresentationLevel",
    "valueCode": "executable"
  }, {
    "url": "http://hl7.org/fhir/uv/cpg/StructureDefinition/cpg-usageWarning",
    "valueString": "This value set contains a point-in-time expansion enumerating the codes that meet the value set intent. As new versions of the code systems used by the value set are released, the contents of this expansion will need to be updated to incorporate newly defined codes that meet the value set intent. Before, and periodically during production use, the value set expansion contents SHOULD be updated. The value set expansion specifies the timestamp when the expansion was produced, SHOULD contain the parameters used for the expansion, and SHALL contain the codes that are obtained by evaluating the value set definition. If this is ONLY an executable value set, a distributable definition of the value set must be obtained to compute the updated expansion."
  } ],
  "url": "http://cts.nlm.nih.gov/fhir/ValueSet/2.16.840.1.113762.1.4.1047.511",
  "version": "20190315",
  "title": "Ambulatory Blood Pressure Monitoring (ABPM)",
  "status": "active",
  "experimental": false,
  "publisher": "Quality Insights of Pennsylvania",
  "description": "This value set contains concepts that represent ambulatory blood pressure monitoring.",
  "purpose": "This value set may use the Quality Data Model (QDM) categories or attributes related to Procedure.",
  "expansion": {
    "timestamp": "2020-12-19T13:12:58-07:00",
    "contains": [ {
      "system": "http://snomed.info/sct",
      "version": "2020-09",
      "code": "164783007",
      "display": "Ambulatory blood pressure recording (procedure)"
    }, {
      "system": "http://snomed.info/sct",
      "version": "2020-09",
      "code": "413153004",
      "display": "Blood pressure recorded by patient at home (procedure)"
    }, {
      "system": "http://snomed.info/sct",
      "version": "2020-09",
      "code": "448489007",
      "display": "Removal of ambulatory blood pressure monitor (procedure)"
    }, {
      "system": "http://snomed.info/sct",
      "version": "2020-09",
      "code": "448678005",
      "display": "Application of ambulatory blood pressure monitor (procedure)"
    }, {
      "system": "http://www.ama-assn.org/go/cpt",
      "version": "2021",
      "code": "93784",
      "display": "Ambulatory blood pressure monitoring, utilizing report-generating software, automated, worn continuously for 24 hours or longer; including recording, scanning analysis, interpretation and report"
    }, {
      "system": "http://www.ama-assn.org/go/cpt",
      "version": "2021",
      "code": "93786",
      "display": "Ambulatory blood pressure monitoring, utilizing report-generating software, automated, worn continuously for 24 hours or longer; recording only"
    }, {
      "system": "http://www.ama-assn.org/go/cpt",
      "version": "2021",
      "code": "93788",
      "display": "Ambulatory blood pressure monitoring, utilizing report-generating software, automated, worn continuously for 24 hours or longer; scanning analysis with report"
    }, {
      "system": "http://www.ama-assn.org/go/cpt",
      "version": "2021",
      "code": "93790",
      "display": "Ambulatory blood pressure monitoring, utilizing report-generating software, automated, worn continuously for 24 hours or longer; review with interpretation and report"
    } ]
  }
}