{
  "resourceType": "ValueSet",
  "id": "2.16.840.1.113883.3.526.3.509",
  "meta": {
    "profile": [ "http://hl7.org/fhir/uv/cpg/StructureDefinition/cpg-shareablevalueset", "http://hl7.org/fhir/uv/cpg/StructureDefinition/cpg-publishablevalueset", "http://hl7.org/fhir/uv/cpg/StructureDefinition/cpg-executablevalueset" ]
  },
  "extension": [ {
    "url": "http://hl7.org/fhir/uv/cpg/StructureDefinition/cpg-knowledgeCapability",
    "valueCode": "shareable"
  }, {
    "url": "http://hl7.org/fhir/uv/cpg/StructureDefinition/cpg-knowledgeRepresentationLevel",
    "valueCode": "narrative"
  }, {
    "url": "http://hl7.org/fhir/uv/cpg/StructureDefinition/cpg-knowledgeCapability",
    "valueCode": "publishable"
  }, {
    "url": "http://fhir.org/guides/cdc/opioid-cds/StructureDefinition/cdc-valueset-inclusion",
    "valueString": "Includes concepts that represent an intervention that may include referral to tobacco cessation-related services or providers, education about the benefits of stopping tobacco use, education about the negative side effects of using tobacco, and monitoring for tobacco cessation."
  }, {
    "url": "http://fhir.org/guides/cdc/opioid-cds/StructureDefinition/cdc-valueset-exclusion",
    "valueString": "No exclusions."
  }, {
    "url": "http://hl7.org/fhir/uv/cpg/StructureDefinition/cpg-knowledgeCapability",
    "valueCode": "executable"
  }, {
    "url": "http://hl7.org/fhir/uv/cpg/StructureDefinition/cpg-knowledgeRepresentationLevel",
    "valueCode": "executable"
  }, {
    "url": "http://hl7.org/fhir/uv/cpg/StructureDefinition/cpg-usageWarning",
    "valueString": "This value set contains a point-in-time expansion enumerating the codes that meet the value set intent. As new versions of the code systems used by the value set are released, the contents of this expansion will need to be updated to incorporate newly defined codes that meet the value set intent. Before, and periodically during production use, the value set expansion contents SHOULD be updated. The value set expansion specifies the timestamp when the expansion was produced, SHOULD contain the parameters used for the expansion, and SHALL contain the codes that are obtained by evaluating the value set definition. If this is ONLY an executable value set, a distributable definition of the value set must be obtained to compute the updated expansion."
  } ],
  "url": "http://cts.nlm.nih.gov/fhir/ValueSet/2.16.840.1.113883.3.526.3.509",
  "version": "20170504",
  "title": "Tobacco Use Cessation Counseling",
  "status": "active",
  "experimental": false,
  "publisher": "National Committee for Quality Assurance",
  "description": "The purpose of this value set is to represent concepts for tobacco cessation counseling.",
  "purpose": "This value set may use a model element related to Intervention.",
  "expansion": {
    "timestamp": "2021-02-26T22:09:23-07:00",
    "contains": [ {
      "system": "http://snomed.info/sct",
      "version": "2020-09",
      "code": "171055003",
      "display": "Pregnancy smoking education (procedure)"
    }, {
      "system": "http://snomed.info/sct",
      "version": "2020-09",
      "code": "185795007",
      "display": "Stop smoking monitoring verbal invite (procedure)"
    }, {
      "system": "http://snomed.info/sct",
      "version": "2020-09",
      "code": "185796008",
      "display": "Stop smoking monitoring telephone invite (procedure)"
    }, {
      "system": "http://snomed.info/sct",
      "version": "2020-09",
      "code": "225323000",
      "display": "Smoking cessation education (procedure)"
    }, {
      "system": "http://snomed.info/sct",
      "version": "2020-09",
      "code": "225324006",
      "display": "Smoking effects education (procedure)"
    }, {
      "system": "http://snomed.info/sct",
      "version": "2020-09",
      "code": "310429001",
      "display": "Smoking monitoring invitation (procedure)"
    }, {
      "system": "http://snomed.info/sct",
      "version": "2020-09",
      "code": "315232003",
      "display": "Referral to stop-smoking clinic (procedure)"
    }, {
      "system": "http://snomed.info/sct",
      "version": "2020-09",
      "code": "384742004",
      "display": "Smoking cessation assistance (regime/therapy)"
    }, {
      "system": "http://snomed.info/sct",
      "version": "2020-09",
      "code": "395700008",
      "display": "Referral to smoking cessation advisor (procedure)"
    }, {
      "system": "http://snomed.info/sct",
      "version": "2020-09",
      "code": "449841000124108",
      "display": "Referral to tobacco use cessation clinic (procedure)"
    }, {
      "system": "http://snomed.info/sct",
      "version": "2020-09",
      "code": "449851000124105",
      "display": "Referral to tobacco use cessation counselor (procedure)"
    }, {
      "system": "http://snomed.info/sct",
      "version": "2020-09",
      "code": "449861000124107",
      "display": "Referral to tobacco use cessation counseling program (procedure)"
    }, {
      "system": "http://snomed.info/sct",
      "version": "2020-09",
      "code": "449871000124100",
      "display": "Referral to tobacco use quit line (procedure)"
    }, {
      "system": "http://snomed.info/sct",
      "version": "2020-09",
      "code": "702388001",
      "display": "Tobacco use cessation education (procedure)"
    }, {
      "system": "http://snomed.info/sct",
      "version": "2020-09",
      "code": "710081004",
      "display": "Smoking cessation therapy (regime/therapy)"
    }, {
      "system": "http://snomed.info/sct",
      "version": "2020-09",
      "code": "711028002",
      "display": "Counseling about tobacco use (procedure)"
    }, {
      "system": "http://snomed.info/sct",
      "version": "2020-09",
      "code": "713700008",
      "display": "Smoking cessation drug therapy (regime/therapy)"
    }, {
      "system": "http://www.ama-assn.org/go/cpt",
      "version": "2021",
      "code": "99406",
      "display": "Smoking and tobacco use cessation counseling visit; intermediate, greater than 3 minutes up to 10 minutes"
    }, {
      "system": "http://www.ama-assn.org/go/cpt",
      "version": "2021",
      "code": "99407",
      "display": "Smoking and tobacco use cessation counseling visit; intensive, greater than 10 minutes"
    } ]
  }
}