{
  "resourceType": "ValueSet",
  "id": "2.16.840.1.113762.1.4.1108.15",
  "meta": {
    "profile": [ "http://hl7.org/fhir/uv/cpg/StructureDefinition/cpg-shareablevalueset", "http://hl7.org/fhir/uv/cpg/StructureDefinition/cpg-publishablevalueset", "http://hl7.org/fhir/uv/cpg/StructureDefinition/cpg-executablevalueset" ]
  },
  "extension": [ {
    "url": "http://hl7.org/fhir/uv/cpg/StructureDefinition/cpg-knowledgeCapability",
    "valueCode": "shareable"
  }, {
    "url": "http://hl7.org/fhir/uv/cpg/StructureDefinition/cpg-knowledgeRepresentationLevel",
    "valueCode": "narrative"
  }, {
    "url": "http://hl7.org/fhir/uv/cpg/StructureDefinition/cpg-knowledgeCapability",
    "valueCode": "publishable"
  }, {
    "url": "http://fhir.org/guides/cdc/opioid-cds/StructureDefinition/cdc-valueset-inclusion",
    "valueString": "Includes only relevant concepts associated with hospice care concepts."
  }, {
    "url": "http://fhir.org/guides/cdc/opioid-cds/StructureDefinition/cdc-valueset-exclusion",
    "valueString": "Excludes concepts for palliative care or comfort measures."
  }, {
    "url": "http://hl7.org/fhir/uv/cpg/StructureDefinition/cpg-knowledgeCapability",
    "valueCode": "executable"
  }, {
    "url": "http://hl7.org/fhir/uv/cpg/StructureDefinition/cpg-knowledgeRepresentationLevel",
    "valueCode": "executable"
  }, {
    "url": "http://hl7.org/fhir/uv/cpg/StructureDefinition/cpg-usageWarning",
    "valueString": "This value set contains a point-in-time expansion enumerating the codes that meet the value set intent. As new versions of the code systems used by the value set are released, the contents of this expansion will need to be updated to incorporate newly defined codes that meet the value set intent. Before, and periodically during production use, the value set expansion contents SHOULD be updated. The value set expansion specifies the timestamp when the expansion was produced, SHOULD contain the parameters used for the expansion, and SHALL contain the codes that are obtained by evaluating the value set definition. If this is ONLY an executable value set, a distributable definition of the value set must be obtained to compute the updated expansion."
  } ],
  "url": "http://cts.nlm.nih.gov/fhir/ValueSet/2.16.840.1.113762.1.4.1108.15",
  "version": "20170504",
  "title": "Hospice care ambulatory",
  "status": "active",
  "experimental": false,
  "publisher": "Mathematica",
  "description": "This value set contains concepts that represent patients receiving hospice care outside of a hospital or long term care facility.",
  "purpose": "This value set may use the Quality Data Model (QDM) datatype related to Procedure, Order or Intervention, Order. The intent of this value set is to identify all patients receiving hospice care outside of a hospital or long term care facility.",
  "expansion": {
    "timestamp": "2021-01-12T11:41:14-07:00",
    "contains": [ {
      "system": "http://snomed.info/sct",
      "version": "2020-09",
      "code": "385763009",
      "display": "Hospice care (regime/therapy)"
    }, {
      "system": "http://snomed.info/sct",
      "version": "2020-09",
      "code": "385765002",
      "display": "Hospice care management (procedure)"
    } ]
  }
}