{
  "resourceType": "ValueSet",
  "id": "2.16.840.1.113883.3.3157.4012",
  "meta": {
    "profile": [ "http://hl7.org/fhir/uv/cpg/StructureDefinition/cpg-shareablevalueset", "http://hl7.org/fhir/uv/cpg/StructureDefinition/cpg-publishablevalueset", "http://hl7.org/fhir/uv/cpg/StructureDefinition/cpg-executablevalueset" ]
  },
  "extension": [ {
    "url": "http://hl7.org/fhir/uv/cpg/StructureDefinition/cpg-knowledgeCapability",
    "valueCode": "shareable"
  }, {
    "url": "http://hl7.org/fhir/uv/cpg/StructureDefinition/cpg-knowledgeRepresentationLevel",
    "valueCode": "narrative"
  }, {
    "url": "http://hl7.org/fhir/uv/cpg/StructureDefinition/cpg-knowledgeCapability",
    "valueCode": "publishable"
  }, {
    "url": "http://hl7.org/fhir/uv/cpg/StructureDefinition/cpg-knowledgeCapability",
    "valueCode": "executable"
  }, {
    "url": "http://hl7.org/fhir/uv/cpg/StructureDefinition/cpg-knowledgeRepresentationLevel",
    "valueCode": "executable"
  }, {
    "url": "http://hl7.org/fhir/uv/cpg/StructureDefinition/cpg-usageWarning",
    "valueString": "This value set contains a point-in-time expansion enumerating the codes that meet the value set intent. As new versions of the code systems used by the value set are released, the contents of this expansion will need to be updated to incorporate newly defined codes that meet the value set intent. Before, and periodically during production use, the value set expansion contents SHOULD be updated. The value set expansion specifies the timestamp when the expansion was produced, SHOULD contain the parameters used for the expansion, and SHALL contain the codes that are obtained by evaluating the value set definition. If this is ONLY an executable value set, a distributable definition of the value set must be obtained to compute the updated expansion."
  } ],
  "url": "http://cts.nlm.nih.gov/fhir/ValueSet/2.16.840.1.113883.3.3157.4012",
  "version": "20190216",
  "title": "Hypertension",
  "description": "A set of SNOMED codes for Hypertension",
  "status": "active",
  "experimental": false,
  "publisher": "Lewin EH Steward",
  "expansion": {
    "timestamp": "2021-01-13T12:32:24-07:00",
    "contains": [ {
      "system": "http://snomed.info/sct",
      "version": "2020-09",
      "code": "104931000119100",
      "display": "Chronic kidney disease due to hypertension (disorder)"
    }, {
      "system": "http://snomed.info/sct",
      "version": "2020-09",
      "code": "10725009",
      "display": "Benign hypertension (disorder)"
    }, {
      "system": "http://snomed.info/sct",
      "version": "2020-09",
      "code": "108701000119102",
      "display": "Cardiomyopathy due to hypertension (disorder)"
    }, {
      "system": "http://snomed.info/sct",
      "version": "2020-09",
      "code": "10964002",
      "display": "Progressive pulmonary hypertension (disorder)"
    }, {
      "system": "http://snomed.info/sct",
      "version": "2020-09",
      "code": "111411000119103",
      "display": "End stage renal disease due to hypertension (disorder)"
    }, {
      "system": "http://snomed.info/sct",
      "version": "2020-09",
      "code": "11399002",
      "display": "Pulmonary hypertensive arterial disease (disorder)"
    }, {
      "system": "http://snomed.info/sct",
      "version": "2020-09",
      "code": "117681000119102",
      "display": "Chronic kidney disease stage 1 due to hypertension (disorder)"
    }, {
      "system": "http://snomed.info/sct",
      "version": "2020-09",
      "code": "120261000119101",
      "display": "Benign hypertensive heart disease and chronic renal disease stage 5 (disorder)"
    }, {
      "system": "http://snomed.info/sct",
      "version": "2020-09",
      "code": "123799005",
      "display": "Renovascular hypertension (disorder)"
    }, {
      "system": "http://snomed.info/sct",
      "version": "2020-09",
      "code": "123800009",
      "display": "Goldblatt hypertension (disorder)"
    }, {
      "system": "http://snomed.info/sct",
      "version": "2020-09",
      "code": "127991000119101",
      "display": "Hypertension concurrent and due to end stage renal disease on dialysis due to type 2 diabetes mellitus (disorder)"
    }, {
      "system": "http://snomed.info/sct",
      "version": "2020-09",
      "code": "128001000119105",
      "display": "Hypertension concurrent and due to end stage renal disease on dialysis due to type 1 diabetes mellitus (disorder)"
    }, {
      "system": "http://snomed.info/sct",
      "version": "2020-09",
      "code": "129151000119102",
      "display": "Chronic kidney disease stage 4 due to hypertension (disorder)"
    }, {
      "system": "http://snomed.info/sct",
      "version": "2020-09",
      "code": "129161000119100",
      "display": "Chronic kidney disease stage 5 due to hypertension (disorder)"
    }, {
      "system": "http://snomed.info/sct",
      "version": "2020-09",
      "code": "129171000119106",
      "display": "Chronic kidney disease stage 3 due to hypertension (disorder)"
    }, {
      "system": "http://snomed.info/sct",
      "version": "2020-09",
      "code": "129181000119109",
      "display": "Chronic kidney disease stage 2 due to hypertension (disorder)"
    }, {
      "system": "http://snomed.info/sct",
      "version": "2020-09",
      "code": "132721000119104",
      "display": "Hypertensive emergency (disorder)"
    }, {
      "system": "http://snomed.info/sct",
      "version": "2020-09",
      "code": "140101000119109",
      "display": "Hypertension in chronic kidney disease stage 5 due to type 2 diabetes mellitus (disorder)"
    }, {
      "system": "http://snomed.info/sct",
      "version": "2020-09",
      "code": "140111000119107",
      "display": "Hypertension in chronic kidney disease stage 4 due to type 2 diabetes mellitus (disorder)"
    }, {
      "system": "http://snomed.info/sct",
      "version": "2020-09",
      "code": "140121000119100",
      "display": "Hypertension in chronic kidney disease stage 3 due to type 2 diabetes mellitus (disorder)"
    }, {
      "system": "http://snomed.info/sct",
      "version": "2020-09",
      "code": "140131000119102",
      "display": "Hypertension in chronic kidney disease stage 2 due to type 2 diabetes mellitus (disorder)"
    }, {
      "system": "http://snomed.info/sct",
      "version": "2020-09",
      "code": "14973001",
      "display": "Renal sclerosis with hypertension (disorder)"
    }, {
      "system": "http://snomed.info/sct",
      "version": "2020-09",
      "code": "153851000119106",
      "display": "Malignant hypertensive chronic kidney disease stage 5 (disorder)"
    }, {
      "system": "http://snomed.info/sct",
      "version": "2020-09",
      "code": "153891000119101",
      "display": "End stage renal disease on dialysis due to hypertension (disorder)"
    }, {
      "system": "http://snomed.info/sct",
      "version": "2020-09",
      "code": "15781000119107",
      "display": "Hypertensive heart AND chronic kidney disease with congestive heart failure (disorder)"
    }, {
      "system": "http://snomed.info/sct",
      "version": "2020-09",
      "code": "16229371000119106",
      "display": "Labile systemic arterial hypertension (disorder)"
    }, {
      "system": "http://snomed.info/sct",
      "version": "2020-09",
      "code": "170578008",
      "display": "Poor hypertension control (finding)"
    }, {
      "system": "http://snomed.info/sct",
      "version": "2020-09",
      "code": "193003",
      "display": "Benign hypertensive renal disease (disorder)"
    }, {
      "system": "http://snomed.info/sct",
      "version": "2020-09",
      "code": "194767001",
      "display": "Benign hypertensive heart disease with congestive cardiac failure (disorder)"
    }, {
      "system": "http://snomed.info/sct",
      "version": "2020-09",
      "code": "194779001",
      "display": "Hypertensive heart and renal disease with (congestive) heart failure (disorder)"
    }, {
      "system": "http://snomed.info/sct",
      "version": "2020-09",
      "code": "194780003",
      "display": "Hypertensive heart and renal disease with renal failure (disorder)"
    }, {
      "system": "http://snomed.info/sct",
      "version": "2020-09",
      "code": "194781004",
      "display": "Hypertensive heart and renal disease with both (congestive) heart failure and renal failure (disorder)"
    }, {
      "system": "http://snomed.info/sct",
      "version": "2020-09",
      "code": "194783001",
      "display": "Secondary malignant renovascular hypertension (disorder)"
    }, {
      "system": "http://snomed.info/sct",
      "version": "2020-09",
      "code": "194788005",
      "display": "Hypertension secondary to endocrine disorder (disorder)"
    }, {
      "system": "http://snomed.info/sct",
      "version": "2020-09",
      "code": "194791005",
      "display": "Hypertension caused by drug (disorder)"
    }, {
      "system": "http://snomed.info/sct",
      "version": "2020-09",
      "code": "19769006",
      "display": "High-renin essential hypertension (disorder)"
    }, {
      "system": "http://snomed.info/sct",
      "version": "2020-09",
      "code": "233941006",
      "display": "Solitary pulmonary hypertension (disorder)"
    }, {
      "system": "http://snomed.info/sct",
      "version": "2020-09",
      "code": "233942004",
      "display": "Small vessel pulmonary hypertension (disorder)"
    }, {
      "system": "http://snomed.info/sct",
      "version": "2020-09",
      "code": "233943009",
      "display": "Sporadic primary pulmonary hypertension (disorder)"
    }, {
      "system": "http://snomed.info/sct",
      "version": "2020-09",
      "code": "233945002",
      "display": "Pulmonary hypertension caused by drug (disorder)"
    }, {
      "system": "http://snomed.info/sct",
      "version": "2020-09",
      "code": "233946001",
      "display": "Large vessel pulmonary hypertension (disorder)"
    }, {
      "system": "http://snomed.info/sct",
      "version": "2020-09",
      "code": "233947005",
      "display": "Thromboembolic pulmonary hypertension (disorder)"
    }, {
      "system": "http://snomed.info/sct",
      "version": "2020-09",
      "code": "233948000",
      "display": "Post-arteritic pulmonary hypertension (disorder)"
    }, {
      "system": "http://snomed.info/sct",
      "version": "2020-09",
      "code": "233950008",
      "display": "Pulmonary hypertension associated with chronic underventilation (disorder)"
    }, {
      "system": "http://snomed.info/sct",
      "version": "2020-09",
      "code": "24184005",
      "display": "Finding of increased blood pressure (finding)"
    }, {
      "system": "http://snomed.info/sct",
      "version": "2020-09",
      "code": "275516004",
      "display": "Cardiomegaly - hypertensive (disorder)"
    }, {
      "system": "http://snomed.info/sct",
      "version": "2020-09",
      "code": "276792008",
      "display": "Pulmonary hypertension with extreme obesity (disorder)"
    }, {
      "system": "http://snomed.info/sct",
      "version": "2020-09",
      "code": "276793003",
      "display": "Pulmonary hypertension with occult mitral stenosis (disorder)"
    }, {
      "system": "http://snomed.info/sct",
      "version": "2020-09",
      "code": "276794009",
      "display": "Facultative pulmonary hypertension with shunt at atrial level (disorder)"
    }, {
      "system": "http://snomed.info/sct",
      "version": "2020-09",
      "code": "28119000",
      "display": "Renal hypertension (disorder)"
    }, {
      "system": "http://snomed.info/sct",
      "version": "2020-09",
      "code": "284961000119106",
      "display": "Chronic kidney disease due to benign hypertension (disorder)"
    }, {
      "system": "http://snomed.info/sct",
      "version": "2020-09",
      "code": "284971000119100",
      "display": "Chronic kidney disease stage 1 due to benign hypertension (disorder)"
    }, {
      "system": "http://snomed.info/sct",
      "version": "2020-09",
      "code": "284981000119102",
      "display": "Chronic kidney disease stage 2 due to benign hypertension (disorder)"
    }, {
      "system": "http://snomed.info/sct",
      "version": "2020-09",
      "code": "284991000119104",
      "display": "Chronic kidney disease stage 3 due to benign hypertension (disorder)"
    }, {
      "system": "http://snomed.info/sct",
      "version": "2020-09",
      "code": "285001000119105",
      "display": "Chronic kidney disease stage 4 due to benign hypertension (disorder)"
    }, {
      "system": "http://snomed.info/sct",
      "version": "2020-09",
      "code": "285011000119108",
      "display": "Chronic kidney disease stage 5 due to benign hypertension (disorder)"
    }, {
      "system": "http://snomed.info/sct",
      "version": "2020-09",
      "code": "285041000119107",
      "display": "Benign hypertensive heart disease and chronic renal disease stage 1 (disorder)"
    }, {
      "system": "http://snomed.info/sct",
      "version": "2020-09",
      "code": "285061000119106",
      "display": "Benign hypertensive heart disease and chronic renal disease stage 2 (disorder)"
    }, {
      "system": "http://snomed.info/sct",
      "version": "2020-09",
      "code": "285081000119102",
      "display": "Benign hypertensive heart disease and chronic renal disease stage 3 (disorder)"
    }, {
      "system": "http://snomed.info/sct",
      "version": "2020-09",
      "code": "285101000119109",
      "display": "Benign hypertensive heart disease and chronic renal disease stage 4 (disorder)"
    }, {
      "system": "http://snomed.info/sct",
      "version": "2020-09",
      "code": "285831000119108",
      "display": "Malignant hypertensive chronic kidney disease (disorder)"
    }, {
      "system": "http://snomed.info/sct",
      "version": "2020-09",
      "code": "285841000119104",
      "display": "Malignant hypertensive end stage renal disease (disorder)"
    }, {
      "system": "http://snomed.info/sct",
      "version": "2020-09",
      "code": "285851000119102",
      "display": "Malignant hypertensive chronic kidney disease stage 1 (disorder)"
    }, {
      "system": "http://snomed.info/sct",
      "version": "2020-09",
      "code": "285861000119100",
      "display": "Malignant hypertensive chronic kidney disease stage 2 (disorder)"
    }, {
      "system": "http://snomed.info/sct",
      "version": "2020-09",
      "code": "285871000119106",
      "display": "Malignant hypertensive chronic kidney disease stage 3 (disorder)"
    }, {
      "system": "http://snomed.info/sct",
      "version": "2020-09",
      "code": "285881000119109",
      "display": "Malignant hypertensive chronic kidney disease stage 4 (disorder)"
    }, {
      "system": "http://snomed.info/sct",
      "version": "2020-09",
      "code": "285911000119109",
      "display": "Malignant hypertensive heart disease and chronic renal disease stage 3 (disorder)"
    }, {
      "system": "http://snomed.info/sct",
      "version": "2020-09",
      "code": "285921000119102",
      "display": "Malignant hypertensive heart disease and chronic renal disease stage 4 (disorder)"
    }, {
      "system": "http://snomed.info/sct",
      "version": "2020-09",
      "code": "31992008",
      "display": "Secondary hypertension (disorder)"
    }, {
      "system": "http://snomed.info/sct",
      "version": "2020-09",
      "code": "360573001",
      "display": "Post-capillary pulmonary hypertension (disorder)"
    }, {
      "system": "http://snomed.info/sct",
      "version": "2020-09",
      "code": "360578005",
      "display": "Pulmonary hypertension secondary to raised pulmonary vascular resistance (disorder)"
    }, {
      "system": "http://snomed.info/sct",
      "version": "2020-09",
      "code": "36315003",
      "display": "Malignant hypertensive heart disease without congestive heart failure (disorder)"
    }, {
      "system": "http://snomed.info/sct",
      "version": "2020-09",
      "code": "367821000119106",
      "display": "Hypertension due to compression of renal parenchyma (disorder)"
    }, {
      "system": "http://snomed.info/sct",
      "version": "2020-09",
      "code": "371125006",
      "display": "Labile essential hypertension (disorder)"
    }, {
      "system": "http://snomed.info/sct",
      "version": "2020-09",
      "code": "371622005",
      "display": "Elevated blood pressure reading without diagnosis of hypertension (situation)"
    }, {
      "system": "http://snomed.info/sct",
      "version": "2020-09",
      "code": "38341003",
      "display": "Hypertensive disorder, systemic arterial (disorder)"
    }, {
      "system": "http://snomed.info/sct",
      "version": "2020-09",
      "code": "38481006",
      "display": "Hypertensive renal disease (disorder)"
    }, {
      "system": "http://snomed.info/sct",
      "version": "2020-09",
      "code": "39018007",
      "display": "Renal arterial hypertension (disorder)"
    }, {
      "system": "http://snomed.info/sct",
      "version": "2020-09",
      "code": "397748008",
      "display": "Hypertension with albuminuria (disorder)"
    }, {
      "system": "http://snomed.info/sct",
      "version": "2020-09",
      "code": "402832006",
      "display": "Telangiectasia due to venous hypertension (disorder)"
    }, {
      "system": "http://snomed.info/sct",
      "version": "2020-09",
      "code": "426012001",
      "display": "Right heart failure due to pulmonary hypertension (disorder)"
    }, {
      "system": "http://snomed.info/sct",
      "version": "2020-09",
      "code": "427889009",
      "display": "Hypertension associated with transplantation (disorder)"
    }, {
      "system": "http://snomed.info/sct",
      "version": "2020-09",
      "code": "428163005",
      "display": "Hypertensive left ventricular hypertrophy (disorder)"
    }, {
      "system": "http://snomed.info/sct",
      "version": "2020-09",
      "code": "428575007",
      "display": "Hypertension secondary to kidney transplant (disorder)"
    }, {
      "system": "http://snomed.info/sct",
      "version": "2020-09",
      "code": "429457004",
      "display": "Systolic essential hypertension (disorder)"
    }, {
      "system": "http://snomed.info/sct",
      "version": "2020-09",
      "code": "434431000124103",
      "display": "Hypertensive end stage renal disease (disorder)"
    }, {
      "system": "http://snomed.info/sct",
      "version": "2020-09",
      "code": "434711000124103",
      "display": "Perioperative hypertension (disorder)"
    }, {
      "system": "http://snomed.info/sct",
      "version": "2020-09",
      "code": "445237003",
      "display": "Portopulmonary hypertension (disorder)"
    }, {
      "system": "http://snomed.info/sct",
      "version": "2020-09",
      "code": "449631000124102",
      "display": "Benign hypertensive heart disease and chronic renal disease (disorder)"
    }, {
      "system": "http://snomed.info/sct",
      "version": "2020-09",
      "code": "449759005",
      "display": "Complication of systemic hypertensive disorder (disorder)"
    }, {
      "system": "http://snomed.info/sct",
      "version": "2020-09",
      "code": "46113002",
      "display": "Hypertensive heart failure (disorder)"
    }, {
      "system": "http://snomed.info/sct",
      "version": "2020-09",
      "code": "461321006",
      "display": "Right ventricular hypertension (disorder)"
    }, {
      "system": "http://snomed.info/sct",
      "version": "2020-09",
      "code": "46481004",
      "display": "Low-renin essential hypertension (disorder)"
    }, {
      "system": "http://snomed.info/sct",
      "version": "2020-09",
      "code": "472749004",
      "display": "Coronary sinus hypertension as complication of procedure (disorder)"
    }, {
      "system": "http://snomed.info/sct",
      "version": "2020-09",
      "code": "472757001",
      "display": "Pulmonary venous hypertension as complication of procedure (disorder)"
    }, {
      "system": "http://snomed.info/sct",
      "version": "2020-09",
      "code": "472758006",
      "display": "Pulmonary venous hypertension due to compression of pulmonary great vein (disorder)"
    }, {
      "system": "http://snomed.info/sct",
      "version": "2020-09",
      "code": "472759003",
      "display": "Pulmonary venous hypertension due to compression of pulmonary great vein by sclerosing mediastinitis (disorder)"
    }, {
      "system": "http://snomed.info/sct",
      "version": "2020-09",
      "code": "472760008",
      "display": "Pulmonary venous hypertension due to compression of pulmonary great vein by lymphadenopathy (disorder)"
    }, {
      "system": "http://snomed.info/sct",
      "version": "2020-09",
      "code": "472761007",
      "display": "Pulmonary venous hypertension due to compression of pulmonary great vein by neoplasm (disorder)"
    }, {
      "system": "http://snomed.info/sct",
      "version": "2020-09",
      "code": "472790001",
      "display": "Pulmonary venous hypertension due to disorder of left heart (disorder)"
    }, {
      "system": "http://snomed.info/sct",
      "version": "2020-09",
      "code": "473392002",
      "display": "Hypertensive nephrosclerosis (disorder)"
    }, {
      "system": "http://snomed.info/sct",
      "version": "2020-09",
      "code": "48146000",
      "display": "Diastolic hypertension (disorder)"
    }, {
      "system": "http://snomed.info/sct",
      "version": "2020-09",
      "code": "49220004",
      "display": "Hypertensive renal failure (disorder)"
    }, {
      "system": "http://snomed.info/sct",
      "version": "2020-09",
      "code": "50490005",
      "display": "Hypertensive encephalopathy (disorder)"
    }, {
      "system": "http://snomed.info/sct",
      "version": "2020-09",
      "code": "5148006",
      "display": "Hypertensive heart disease with congestive heart failure (disorder)"
    }, {
      "system": "http://snomed.info/sct",
      "version": "2020-09",
      "code": "52698002",
      "display": "Transient hypertension (disorder)"
    }, {
      "system": "http://snomed.info/sct",
      "version": "2020-09",
      "code": "54225002",
      "display": "Malignant hypertensive heart disease (disorder)"
    }, {
      "system": "http://snomed.info/sct",
      "version": "2020-09",
      "code": "5499009",
      "display": "Pulmonary hypertensive venous disease (disorder)"
    }, {
      "system": "http://snomed.info/sct",
      "version": "2020-09",
      "code": "5501000119106",
      "display": "Postoperative hypertension (disorder)"
    }, {
      "system": "http://snomed.info/sct",
      "version": "2020-09",
      "code": "56218007",
      "display": "Systolic hypertension (disorder)"
    }, {
      "system": "http://snomed.info/sct",
      "version": "2020-09",
      "code": "57684003",
      "display": "Parenchymal renal hypertension (disorder)"
    }, {
      "system": "http://snomed.info/sct",
      "version": "2020-09",
      "code": "59621000",
      "display": "Essential hypertension (disorder)"
    }, {
      "system": "http://snomed.info/sct",
      "version": "2020-09",
      "code": "59720008",
      "display": "Sustained diastolic hypertension (disorder)"
    }, {
      "system": "http://snomed.info/sct",
      "version": "2020-09",
      "code": "60899001",
      "display": "Hypertensive heart disease without congestive heart failure (disorder)"
    }, {
      "system": "http://snomed.info/sct",
      "version": "2020-09",
      "code": "64715009",
      "display": "Hypertensive heart disease (disorder)"
    }, {
      "system": "http://snomed.info/sct",
      "version": "2020-09",
      "code": "65443008",
      "display": "Malignant hypertensive renal disease (disorder)"
    }, {
      "system": "http://snomed.info/sct",
      "version": "2020-09",
      "code": "65518004",
      "display": "Labile diastolic hypertension (disorder)"
    }, {
      "system": "http://snomed.info/sct",
      "version": "2020-09",
      "code": "66052004",
      "display": "Benign hypertensive heart AND renal disease (disorder)"
    }, {
      "system": "http://snomed.info/sct",
      "version": "2020-09",
      "code": "66610008",
      "display": "Malignant hypertensive heart AND renal disease (disorder)"
    }, {
      "system": "http://snomed.info/sct",
      "version": "2020-09",
      "code": "6962006",
      "display": "Hypertensive retinopathy (disorder)"
    }, {
      "system": "http://snomed.info/sct",
      "version": "2020-09",
      "code": "697896007",
      "display": "Precapillary pulmonary hypertension (disorder)"
    }, {
      "system": "http://snomed.info/sct",
      "version": "2020-09",
      "code": "697897003",
      "display": "Heritable pulmonary arterial hypertension (disorder)"
    }, {
      "system": "http://snomed.info/sct",
      "version": "2020-09",
      "code": "697898008",
      "display": "Idiopathic pulmonary arterial hypertension (disorder)"
    }, {
      "system": "http://snomed.info/sct",
      "version": "2020-09",
      "code": "697899000",
      "display": "Heritable pulmonary arterial hypertension due to bone morphogenetic protein receptor type II mutation (disorder)"
    }, {
      "system": "http://snomed.info/sct",
      "version": "2020-09",
      "code": "697900005",
      "display": "Heritable pulmonary arterial hypertension due to activin A receptor type II-like kinase 1 or endoglin mutation (disorder)"
    }, {
      "system": "http://snomed.info/sct",
      "version": "2020-09",
      "code": "697901009",
      "display": "Pulmonary arterial hypertension caused by toxin (disorder)"
    }, {
      "system": "http://snomed.info/sct",
      "version": "2020-09",
      "code": "697902002",
      "display": "Associated pulmonary arterial hypertension (disorder)"
    }, {
      "system": "http://snomed.info/sct",
      "version": "2020-09",
      "code": "697903007",
      "display": "Pulmonary arterial hypertension associated with connective tissue disease (disorder)"
    }, {
      "system": "http://snomed.info/sct",
      "version": "2020-09",
      "code": "697904001",
      "display": "Pulmonary arterial hypertension associated with human immunodeficiency virus infection (disorder)"
    }, {
      "system": "http://snomed.info/sct",
      "version": "2020-09",
      "code": "697905000",
      "display": "Pulmonary arterial hypertension associated with congenital heart disease (disorder)"
    }, {
      "system": "http://snomed.info/sct",
      "version": "2020-09",
      "code": "697906004",
      "display": "Pulmonary arterial hypertension associated with congenital systemic-to-pulmonary shunt (disorder)"
    }, {
      "system": "http://snomed.info/sct",
      "version": "2020-09",
      "code": "697907008",
      "display": "Pulmonary arterial hypertension associated with schistosomiasis (disorder)"
    }, {
      "system": "http://snomed.info/sct",
      "version": "2020-09",
      "code": "697908003",
      "display": "Pulmonary arterial hypertension associated with chronic hemolytic anemia (disorder)"
    }, {
      "system": "http://snomed.info/sct",
      "version": "2020-09",
      "code": "697910001",
      "display": "Pulmonary hypertension due to lung disease and/or hypoxia (disorder)"
    }, {
      "system": "http://snomed.info/sct",
      "version": "2020-09",
      "code": "697911002",
      "display": "Pulmonary hypertension due to chronic obstructive pulmonary disease (disorder)"
    }, {
      "system": "http://snomed.info/sct",
      "version": "2020-09",
      "code": "697912009",
      "display": "Pulmonary hypertension due to interstitial lung disease (disorder)"
    }, {
      "system": "http://snomed.info/sct",
      "version": "2020-09",
      "code": "697913004",
      "display": "Pulmonary hypertension due to pulmonary disease with mixed restrictive and obstructive pattern (disorder)"
    }, {
      "system": "http://snomed.info/sct",
      "version": "2020-09",
      "code": "697914005",
      "display": "Pulmonary hypertension due to sleep-disordered breathing (disorder)"
    }, {
      "system": "http://snomed.info/sct",
      "version": "2020-09",
      "code": "697915006",
      "display": "Pulmonary hypertension due to alveolar hypoventilation disorder (disorder)"
    }, {
      "system": "http://snomed.info/sct",
      "version": "2020-09",
      "code": "697916007",
      "display": "Pulmonary hypertension due to developmental abnormality of the lung (disorder)"
    }, {
      "system": "http://snomed.info/sct",
      "version": "2020-09",
      "code": "697917003",
      "display": "Pulmonary hypertension due to hematological disorder (disorder)"
    }, {
      "system": "http://snomed.info/sct",
      "version": "2020-09",
      "code": "697918008",
      "display": "Pulmonary hypertension due to myeloproliferative disorder (disorder)"
    }, {
      "system": "http://snomed.info/sct",
      "version": "2020-09",
      "code": "697919000",
      "display": "Pulmonary hypertension due to post-splenectomy hematological disorder (disorder)"
    }, {
      "system": "http://snomed.info/sct",
      "version": "2020-09",
      "code": "697920006",
      "display": "Pulmonary hypertension in systemic disorder (disorder)"
    }, {
      "system": "http://snomed.info/sct",
      "version": "2020-09",
      "code": "697921005",
      "display": "Pulmonary hypertension in sarcoidosis (disorder)"
    }, {
      "system": "http://snomed.info/sct",
      "version": "2020-09",
      "code": "697922003",
      "display": "Pulmonary hypertension in Langerhans cell histiocytosis (disorder)"
    }, {
      "system": "http://snomed.info/sct",
      "version": "2020-09",
      "code": "697923008",
      "display": "Pulmonary hypertension in lymphangioleiomyomatosis (disorder)"
    }, {
      "system": "http://snomed.info/sct",
      "version": "2020-09",
      "code": "697924002",
      "display": "Pulmonary hypertension in neurofibromatosis (disorder)"
    }, {
      "system": "http://snomed.info/sct",
      "version": "2020-09",
      "code": "697925001",
      "display": "Pulmonary hypertension due to systolic systemic ventricular dysfunction (disorder)"
    }, {
      "system": "http://snomed.info/sct",
      "version": "2020-09",
      "code": "697926000",
      "display": "Pulmonary hypertension due to diastolic systemic ventricular dysfunction (disorder)"
    }, {
      "system": "http://snomed.info/sct",
      "version": "2020-09",
      "code": "697927009",
      "display": "Pulmonary hypertension due to left-sided valvular heart disease (disorder)"
    }, {
      "system": "http://snomed.info/sct",
      "version": "2020-09",
      "code": "697928004",
      "display": "Pulmonary venous hypertension due to congenital stenosis of pulmonary vein (disorder)"
    }, {
      "system": "http://snomed.info/sct",
      "version": "2020-09",
      "code": "697929007",
      "display": "Intermittent hypertension (disorder)"
    }, {
      "system": "http://snomed.info/sct",
      "version": "2020-09",
      "code": "698591006",
      "display": "Benign hypertensive renal disease with renal failure (disorder)"
    }, {
      "system": "http://snomed.info/sct",
      "version": "2020-09",
      "code": "698839000",
      "display": "Benign intracranial hypertension due to hypervitaminosis A (disorder)"
    }, {
      "system": "http://snomed.info/sct",
      "version": "2020-09",
      "code": "70272006",
      "display": "Malignant hypertension (disorder)"
    }, {
      "system": "http://snomed.info/sct",
      "version": "2020-09",
      "code": "703310005",
      "display": "Autosomal dominant progressive nephropathy with hypertension (disorder)"
    }, {
      "system": "http://snomed.info/sct",
      "version": "2020-09",
      "code": "703355003",
      "display": "Pulmonary hypertension due to vasculitis (disorder)"
    }, {
      "system": "http://snomed.info/sct",
      "version": "2020-09",
      "code": "704667004",
      "display": "Hypertension concurrent and due to end stage renal disease on dialysis (disorder)"
    }, {
      "system": "http://snomed.info/sct",
      "version": "2020-09",
      "code": "706882009",
      "display": "Hypertensive crisis (disorder)"
    }, {
      "system": "http://snomed.info/sct",
      "version": "2020-09",
      "code": "707413005",
      "display": "Chronic pulmonary thromboembolism without pulmonary hypertension (disorder)"
    }, {
      "system": "http://snomed.info/sct",
      "version": "2020-09",
      "code": "707420003",
      "display": "Portal hypertension due to cystic fibrosis (disorder)"
    }, {
      "system": "http://snomed.info/sct",
      "version": "2020-09",
      "code": "70995007",
      "display": "Pulmonary hypertension (disorder)"
    }, {
      "system": "http://snomed.info/sct",
      "version": "2020-09",
      "code": "712487000",
      "display": "End stage renal disease due to benign hypertension (disorder)"
    }, {
      "system": "http://snomed.info/sct",
      "version": "2020-09",
      "code": "712832005",
      "display": "Supine hypertension (disorder)"
    }, {
      "system": "http://snomed.info/sct",
      "version": "2020-09",
      "code": "713542007",
      "display": "Portal hypertension caused by antiretroviral drug (disorder)"
    }, {
      "system": "http://snomed.info/sct",
      "version": "2020-09",
      "code": "714053003",
      "display": "Hypertension control median nerve electrical stimulator (physical object)"
    }, {
      "system": "http://snomed.info/sct",
      "version": "2020-09",
      "code": "71421000119105",
      "display": "Hypertension in chronic kidney disease due to type 2 diabetes mellitus (disorder)"
    }, {
      "system": "http://snomed.info/sct",
      "version": "2020-09",
      "code": "71701000119105",
      "display": "Hypertension in chronic kidney disease due to type 1 diabetes mellitus (disorder)"
    }, {
      "system": "http://snomed.info/sct",
      "version": "2020-09",
      "code": "720568003",
      "display": "Brachydactyly and arterial hypertension syndrome (disorder)"
    }, {
      "system": "http://snomed.info/sct",
      "version": "2020-09",
      "code": "722867009",
      "display": "Idiopathic portal hypertension (disorder)"
    }, {
      "system": "http://snomed.info/sct",
      "version": "2020-09",
      "code": "73410007",
      "display": "Benign secondary renovascular hypertension (disorder)"
    }, {
      "system": "http://snomed.info/sct",
      "version": "2020-09",
      "code": "74451002",
      "display": "Secondary diastolic hypertension (disorder)"
    }, {
      "system": "http://snomed.info/sct",
      "version": "2020-09",
      "code": "762463000",
      "display": "Diastolic hypertension co-occurrent with systolic hypertension (disorder)"
    }, {
      "system": "http://snomed.info/sct",
      "version": "2020-09",
      "code": "766937004",
      "display": "Hypertension due to gain-of-function mutation in mineralocorticoid receptor (disorder)"
    }, {
      "system": "http://snomed.info/sct",
      "version": "2020-09",
      "code": "77293007",
      "display": "Hypertensive spasm of cardiac sphincter (finding)"
    }, {
      "system": "http://snomed.info/sct",
      "version": "2020-09",
      "code": "77970009",
      "display": "Benign hypertensive heart disease without congestive heart failure (disorder)"
    }, {
      "system": "http://snomed.info/sct",
      "version": "2020-09",
      "code": "78544004",
      "display": "Chronic hypertensive uremia (disorder)"
    }, {
      "system": "http://snomed.info/sct",
      "version": "2020-09",
      "code": "78975002",
      "display": "Malignant essential hypertension (disorder)"
    }, {
      "system": "http://snomed.info/sct",
      "version": "2020-09",
      "code": "83105008",
      "display": "Malignant hypertensive heart disease with congestive heart failure (disorder)"
    }, {
      "system": "http://snomed.info/sct",
      "version": "2020-09",
      "code": "84094009",
      "display": "Rebound hypertension (disorder)"
    }, {
      "system": "http://snomed.info/sct",
      "version": "2020-09",
      "code": "8501000119104",
      "display": "Hypertensive heart and chronic kidney disease (disorder)"
    }, {
      "system": "http://snomed.info/sct",
      "version": "2020-09",
      "code": "86234004",
      "display": "Hypertensive heart AND renal disease (disorder)"
    }, {
      "system": "http://snomed.info/sct",
      "version": "2020-09",
      "code": "87394009",
      "display": "Episodic pulmonary hypertension (disorder)"
    }, {
      "system": "http://snomed.info/sct",
      "version": "2020-09",
      "code": "88223008",
      "display": "Secondary pulmonary hypertension (disorder)"
    }, {
      "system": "http://snomed.info/sct",
      "version": "2020-09",
      "code": "89242004",
      "display": "Malignant secondary hypertension (disorder)"
    }, {
      "system": "http://snomed.info/sct",
      "version": "2020-09",
      "code": "96701000119107",
      "display": "Hypertensive heart AND chronic kidney disease on dialysis (disorder)"
    }, {
      "system": "http://snomed.info/sct",
      "version": "2020-09",
      "code": "96711000119105",
      "display": "Hypertensive heart AND chronic kidney disease stage 5 (disorder)"
    }, {
      "system": "http://snomed.info/sct",
      "version": "2020-09",
      "code": "96721000119103",
      "display": "Hypertensive heart AND chronic kidney disease stage 4 (disorder)"
    }, {
      "system": "http://snomed.info/sct",
      "version": "2020-09",
      "code": "96731000119100",
      "display": "Hypertensive heart AND chronic kidney disease stage 3 (disorder)"
    }, {
      "system": "http://snomed.info/sct",
      "version": "2020-09",
      "code": "96741000119109",
      "display": "Hypertensive heart AND chronic kidney disease stage 2 (disorder)"
    }, {
      "system": "http://snomed.info/sct",
      "version": "2020-09",
      "code": "96751000119106",
      "display": "Hypertensive heart AND chronic kidney disease stage 1 (disorder)"
    } ]
  }
}
