{
  "resourceType": "PlanDefinition",
  "id": "plandefinition-HypertensiveEmergency",
  "url": "http://fhir.org/guides/ohsuhypertensionig/PlanDefinition/plandefinition-HypertensiveEmergency",
  "identifier": [
    {
      "use": "official",
      "value": "ohsu-hypertensive-emergency"
    }
  ],
  "version": "0.1",
  "name": "HypertensiveEmergency",
  "title": "High Blood Pressure Warning",
  "type": {
    "coding": [
      {
        "system": "http://hl7.org/fhir/plan-definition-type",
        "code": "eca-rule",
        "display": "ECA Rule"
      }
    ]
  },
  "status": "draft",
  "date": "2020-02-04T00:00:00-08:00",
  "publisher": "Oregon Health and Science University (OHSU)",
  "description": "This PlanDefinition detects a recent high blood pressure reading.",
  "purpose": "The purpose is to identify very high blood pressure and recommend the patient seek treatment.",
  "usage": "This is to be used in conjunction with a patient-facing FHIR application.",
  "jurisdiction": [
    {
      "coding": [
        {
          "system": "urn:iso:std:iso:3166",
          "code": "US",
          "display": "United States of America"
        }
      ]
    }
  ],
  "topic": [
    {
      "text": "Hypertension Management"
    }
  ],
  "copyright": "© OHSU 2020+.",
  "library": [
     "http://fhir.org/guides/ohsuhypertensionig/Library/HypertensiveEmergency"
  ],
  "action": [
    {
      "title": "Recommendation",
      "description": "Recommendation for patient with a recent very high blood pressure",
      "trigger": [{
        "type": "named-event",
        "name":"patient-view"
      }],
      "condition": [
        {
          "kind": "applicability",
          "expression": {
            "description": "Determine if patient had a recent very high blood pressure",
            "language": "text/cql.identifier",
            "expression": "In Population"
          }
        }
      ],
      "dynamicValue": [
        {
          "path": "action.title",
          "expression": {
            "description": "Recommendation",
            "language": "text/cql.identifier",
            "expression": "Recommendation"
          }
        },
        {
          "path": "action.description",
          "expression": {
            "description": "Rationale",
            "language": "text/cql.identifier",
            "expression": "Rationale Combined Data"
          }
        },
        {
          "path": "action.extension",
          "expression": {
            "language": "text/cql.identifier",
            "expression": "Indicator Status"
          }
        }
      ]
    }
  ]
}
