{
  "resourceType": "PlanDefinition",
  "id": "plandefinition-NonPharmacologicIntervention",
  "url": "http://fhir.org/guides/ohsuhypertensionig/PlanDefinition/plandefinition-NonPharmacologicIntervention",
  "identifier": [
    {
      "use": "official",
      "value": "ohsu-NonPharmacologicIntervention"
    }
  ],
  "version": "0.1",
  "name": "NonPharmacologicIntervention",
  "title": "Therapy - Non-medicinal",
  "type": {
    "coding": [
      {
        "system": "http://hl7.org/fhir/plan-definition-type",
        "code": "eca-rule",
        "display": "ECA Rule"
      }
    ]
  },
  "status": "draft",
  "date": "2020-02-04T00:00:00-08:00",
  "publisher": "Oregon Health and Science University (OHSU)",
  "description": "This PlanDefinition identifies Non-Pharmacologic Interventions for Hypertension",
  "purpose": "The purpose of this is to recommend lifestyle changes that may help address high blood pressure.",
  "usage": "This is to be used in conjunction with a patient-facing FHIR application.",
  "useContext": [
    {
      "code": {
        "system": "http://hl7.org/fhir/usage-context-type",
        "code": "focus",
        "display": "Clinical Focus"
      },
      "valueCodeableConcept": {
        "coding": [
          {
            "system": "http://snomed.info/sct",
            "code": "371622005",
            "display": "Elevated BP without HTN diagnosis"
          }
        ]
      }
    }
  ],
  "jurisdiction": [
    {
      "coding": [
        {
          "system": "urn:iso:std:iso:3166",
          "code": "US",
          "display": "United States of America"
        }
      ]
    }
  ],
  "topic": [
    {
      "text": "Hypertension Management"
    }
  ],
  "copyright": "© OHSU 2020+.",
  "library": [
     "http://fhir.org/guides/ohsuhypertensionig/Library/NonPharmacologicIntervention"
  ],
  "action": [
    {
      "title": "Does Patient Smoke or have a Tobacco Cessation Goal?",
      "description": "Determines if a recommendation or reminder regarding Patient smoking should be presented.",
      "trigger": [{
        "type": "named-event",
        "name":"patient-view"
      }],
      "condition": [
        {
          "kind": "applicability",
          "expression": {
            "description": "Determine if patient is in the recommendation.",
            "language": "text/cql.identifier",
            "expression": "Patient Smoking Goals Action Path"
          }
        }
      ],
      "dynamicValue": [
        {
          "path": "action.title",
          "expression": {
            "description": "Applicable text for the Smoking Recommendation",
            "language": "text/cql.identifier",
            "expression": "Smoking Recommendation"
          }
        },
        {
          "path": "action.description",
          "expression": {
            "description": "Rationale for recommendation type.",
            "language": "text/cql.identifier",
            "expression": "Smoking Rationale Combined Data"
          }
        },
        {
          "path": "action.extension",
          "expression": {
            "language": "text/cql.identifier",
            "expression": "Smoking Indicator Status"
          }
        }
      ]
    },
    {
      "title": "Is Patient's BMI Greater Than 25 or do they have a weight loss goal?",
      "description": "Determines if a recommendation or reminder regarding the Patient's BMI being over 25 should be presented.",
      "trigger": [{
        "type": "named-event",
        "name":"patient-view"
      }],
      "condition": [
        {
          "kind": "applicability",
          "expression": {
            "description": "Determine if patient is in the recommendation.",
            "language": "text/cql.identifier",
            "expression": "Patient Weight Loss Goals Action Path"
          }
        }
      ],
      "dynamicValue": [
        {
          "path": "action.title",
          "expression": {
            "description": "Applicable text for the BMI Recommendation",
            "language": "text/cql.identifier",
            "expression": "BMI Recommendation"
          }
        },
        {
          "path": "action.description",
          "expression": {
            "description": "Rationale for recommendation type.",
            "language": "text/cql.identifier",
            "expression": "BMI Rationale Combined Data"
          }
        },
        {
          "path": "action.extension",
          "expression": {
            "language": "text/cql.identifier",
            "expression": "Weight Loss Indicator Status"
          }
        }
      ]
    },
    {
      "title": "Does the Patient Drink Heavily?",
      "description": "Determines if a recommendation or reminder regarding the Patient's Alcohol Drinking should be presented.",
      "trigger": [{
        "type": "named-event",
        "name":"patient-view"
      }],
      "condition": [
        {
          "kind": "applicability",
          "expression": {
            "description": "Determine if patient is in the recommendation.",
            "language": "text/cql.identifier",
            "expression": "Patient Alcohol Goals Action Path"
          }
        }
      ],
      "dynamicValue": [
        {
          "path": "action.title",
          "expression": {
            "description": "Applicable text for the Alcohol Recommendation",
            "language": "text/cql.identifier",
            "expression": "Alcohol Recommendation"
          }
        },
        {
          "path": "action.description",
          "expression": {
            "description": "Rationale for recommendation type.",
            "language": "text/cql.identifier",
            "expression": "Alcohol Rationale Combined Data"
          }
        },
        {
          "path": "action.extension",
          "expression": {
            "language": "text/cql.identifier",
            "expression": "Alcohol Moderation Indicator Status"
          }
        }
      ]
    },
    {
      "title": "Does the Patient Need Nutrition Counseling?",
      "description": "Determines if a recommendation regarding the patient's Nutrition should be established.",
      "trigger": [{
        "type": "named-event",
        "name":"patient-view"
      }],
      "condition": [
        {
          "kind": "applicability",
          "expression": {
            "description": "Determine if patient is in the recommendation.",
            "language": "text/cql.identifier",
            "expression": "Patient Nutrition Goals Action Path"
          }
        }
      ],
      "dynamicValue": [
        {
          "path": "action.title",
          "expression": {
            "description": "Applicable text for the Nutrition Recommendation",
            "language": "text/cql.identifier",
            "expression": "Nutrition Recommendation"
          }
        },
        {
          "path": "action.description",
          "expression": {
            "description": "Rationale for recommendation type.",
            "language": "text/cql.identifier",
            "expression": "Nutrition Rationale Combined Data"
          }
        },
        {
          "path": "action.extension",
          "expression": {
            "language": "text/cql.identifier",
            "expression": "Nutrition Indicator Status"
          }
        }
      ]
    },
    {
      "title": "Does the Patient Need Physical Activity Counseling?",
      "description": "Determines if a recommendation regarding the patient's Physical Activity should be established.",
      "trigger": [{
        "type": "named-event",
        "name":"patient-view"
      }],
      "condition": [
        {
          "kind": "applicability",
          "expression": {
            "description": "Determine if patient is in the recommendation.",
            "language": "text/cql.identifier",
            "expression": "Patient Physical Activity Goals Action Path"
          }
        }
      ],
      "dynamicValue": [
        {
          "path": "action.title",
          "expression": {
            "description": "Applicable text for the Physical Activity Recommendation",
            "language": "text/cql.identifier",
            "expression": "Physical Activity Recommendation"
          }
        },
        {
          "path": "action.description",
          "expression": {
            "description": "Rationale for recommendation type.",
            "language": "text/cql.identifier",
            "expression": "Physical Activity Rationale Combined Data"
          }
        },
        {
          "path": "action.extension",
          "expression": {
            "language": "text/cql.identifier",
            "expression": "Physical Activity Indicator Status"
          }
        }
      ]
    },
    {
      "title": "Exclusion from Hypertension Non-Pharmacologic Interventions",
      "description": "Determines if patient was excluded from Hypertension Non-Pharmacologic Interventions Recommendation.",
      "trigger": [{
        "type": "named-event",
        "name":"patient-view"
      }],
      "condition": [
        {
          "kind": "applicability",
          "expression": {
            "description": "Determine if patient is in hypertension exclusion population.",
            "language": "text/cql.identifier",
            "expression": "Meets Exclusion Criteria"
          }
        }
      ],
      "dynamicValue": [
        {
          "path": "action.description",
          "expression": {
            "description": "Rationale for why patient was excluded from the hypertension diagnosis.",
            "language": "text/cql.identifier",
            "expression": "Exclusion Reason"
          }
        },
        {
          "path": "action.extension",
          "expression": {
            "language": "text/cql.identifier",
            "expression": "Info"
          }
        }
      ]
    }
  ]
}
