{
  "resourceType": "PlanDefinition",
  "id": "plandefinition-Monitoring",
  "url": "http://fhir.org/guides/ohsuhypertensionig/PlanDefinition/plandefinition-Monitoring",
  "identifier": [
    {
      "use": "official",
      "value": "ohsu-Monitoring"
    }
  ],
  "version": "0.1",
  "name": "Monitoring",
  "title": "Monitoring",
  "type": {
    "coding": [
      {
        "system": "http://hl7.org/fhir/plan-definition-type",
        "code": "eca-rule",
        "display": "ECA Rule"
      }
    ]
  },
  "status": "draft",
  "date": "2020-02-04T00:00:00-08:00",
  "publisher": "Oregon Health and Science University (OHSU)",
  "description": "This PlanDefinition provides patient recommendations for monitoring a preexisting Hypertension condition.",
  "purpose": "Provide guidance and monitoring to patients regarding their hypertension diagnosis.",
  "usage": "This is to be used in conjunction with a patient-facing FHIR application.",
  "useContext": [
    {
      "code": {
        "system": "http://hl7.org/fhir/usage-context-type",
        "code": "focus",
        "display": "Clinical Focus"
      },
      "valueCodeableConcept": {
        "coding": [
          {
            "system": "http://snomed.info/sct",
            "code": "371622005",
            "display": "Elevated BP without HTN diagnosis"
          }
        ]
      }
    }
  ],
  "jurisdiction": [
    {
      "coding": [
        {
          "system": "urn:iso:std:iso:3166",
          "code": "US",
          "display": "United States of America"
        }
      ]
    }
  ],
  "topic": [
    {
      "text": "Hypertension Management"
    }
  ],
  "copyright": "© OHSU 2020+.",
  "library": [
     "http://fhir.org/guides/ohsuhypertensionig/Library/Monitoring"
  ],
  "action": [
    {
      "title": "Recommendation",
      "description": "Recommendation for patient with hypertension requiring monitoring.",
      "trigger": [{
        "type": "named-event",
        "name":"patient-view"
      }],
      "condition": [
        {
          "kind": "applicability",
          "expression": {
            "description": "If the patient is in the population",
            "language": "text/cql.identifier",
            "expression": "In Population"
          }
        }
      ],
      "dynamicValue": [
        {
          "path": "action.title",
          "expression": {
            "description": "Patient Recommendation",
            "language": "text/cql.identifier",
            "expression": "Recommendation"
          }
        },
        {
          "path": "action.description",
          "expression": {
            "description": "Rationale for recommendation type.",
            "language": "text/cql.identifier",
            "expression": "Rationale Combined Data"
          }
        },
        {
          "path": "action.extension",
          "expression": {
            "language": "text/cql.identifier",
            "expression": "Indicator Status"
          }
        }
      ]
    },
    {
      "title": "Exclusion from Hypertension Monitoring Process",
      "description": "Recommendation for patient that is excluded from Monitoring.",
      "trigger": [{
        "type": "named-event",
        "name":"patient-view"
      }],
      "condition": [
        {
          "kind": "applicability",
          "expression": {
            "description": "If the patient is excluded from intervention",
            "language": "text/cql.identifier",
            "expression": "Meets Exclusion Criteria"
          }
        }
      ],
      "dynamicValue": [
        {
          "path": "action.description",
          "expression": {
            "description": "Rationale for why patient is excluded from the hypertension mmonitoring process.",
            "language": "text/cql.identifier",
            "expression": "Exclusion Reason"
          }
        },
        {
          "path": "action.extension",
          "expression": {
            "language": "text/cql.identifier",
            "expression": "Info"
          }
        }
      ]
    },
    {
      "title": "No Entry into Hypertension Monitoring Process",
      "description": "Recommendation for a patient without hypertension.",
      "trigger": [{
        "type": "named-event",
        "name":"patient-view"
      }],
      "condition": [
        {
          "kind": "applicability",
          "expression": {
            "description": "If the patient does not have hypertension",
            "language": "text/cql.identifier",
            "expression": "No Entry into Population"
          }
        }
      ],
      "dynamicValue": [
        {
          "path": "action.title",
          "expression": {
            "description": "Recommendation for patient without hypertension",
            "language": "text/cql.identifier",
            "expression": "No Entry Title"
          }
        },
        {
          "path": "action.description",
          "expression": {
            "description": "Rationale",
            "language": "text/cql.identifier",
            "expression": "No Entry Description"
          }
        },
        {
          "path": "action.extension",
          "expression": {
            "language": "text/cql.identifier",
            "expression": "Info"
          }
        }
      ]
    }
  ]
}
